step,row,column
0,1,1
1,1,2
2,2,1
3,1,3
4,2,2
5,3,1
6,1,4
7,2,3
8,3,2
9,4,1
10,2,4
11,3,3
12,4,2
13,5,1
14,3,4
15,4,3
16,5,2
17,6,1
18,4,4
19,5,3
20,6,2
21,7,1
22,5,4
23,6,3
24,7,2
25,8,1
26,6,4
27,7,3
28,8,2
29,9,1
30,7,4
31,8,3
32,9,2
33,10,1
34,8,4
35,9,3
36,10,2
37,9,4
38,10,3
39,9,5
40,10,4
41,9,6
42,9,7
43,10,6
44,9,8
45,10,7
46,9,9
47,10,8
48,10,9
49,0,1
50,1,0
51,0,2
52,2,0
53,0,3
54,3,0
55,0,4
56,4,0
57,5,0
58,6,0
59,7,0
60,8,0
61,9,0
62,10,0
63,11,1
64,11,2
65,11,3
66,11,4
67,8,6
68,11,5
69,8,7
70,11,6
71,8,8
72,11,7
73,8,9
74,11,8
75,11,9
76,0,0
77,11,0
78,7,6
79,7,7
80,7,8
81,7,9
82,6,6
83,6,7
84,6,8
85,6,9
86,5,6
87,5,7
88,5,8
89,5,9
90,4,6
91,4,7
92,4,8
93,4,9
94,3,6
95,3,7
96,3,8
97,3,9
98,2,6
99,2,7
100,2,8
101,2,9
102,2,10
103,2,11
104,2,12
105,3,11
106,2,13
107,3,12
108,4,11
109,2,14
110,3,13
111,4,12
112,5,11
113,3,14
114,4,13
115,5,12
116,6,11
117,4,14
118,5,13
119,6,12
120,7,11
121,5,14
122,6,13
123,7,12
124,8,11
125,6,14
126,7,13
127,8,12
128,9,11
129,7,14
130,8,13
131,9,12
132,10,11
133,8,14
134,9,13
135,10,12
136,9,14
137,10,13
138,10,14
